RandaHabib,83237852
RandaHabib,1239597392
tarawnah,270250975
tarawnah,377317010
alzoubi_ahmed,61867429
alzoubi_ahmed,2346849995
alzoubi_ahmed,236096367
RHCJO,2415001731
RHCJO,113408456
RHCJO,182873174
RHCJO,2179774856
RHCJO,594873976
RHCJO,390044807
RHCJO,541571411
RHCJO,1668665702
HamzahHKJ,1849436846
HamzahHKJ,2371903458
HamzahHKJ,1035234157
HamzahHKJ,1722750132
HamzahHKJ,1434922604
HamzahHKJ,2219706185
HamzahHKJ,2223862714
HamzahHKJ,2184939301
daoudkuttab,243605153
daoudkuttab,1159985690
Deema22,2416060205
Deema22,831836269
Deema22,327616280
Yzaatreh,615078005
Yzaatreh,2312125635
Yzaatreh,1572899532
Yzaatreh,165323887
Yzaatreh,412671409
Yzaatreh,250667031
Yzaatreh,96120903
Yzaatreh,1272667033
Yzaatreh,606339663
Yzaatreh,1613501874
Yzaatreh,636771999
Yzaatreh,169135461
Yzaatreh,917834700
Yzaatreh,1959638028
Yzaatreh,2264805508
Yzaatreh,325992892
Yzaatreh,754868881
Yzaatreh,558263211
Yzaatreh,100564164
Yzaatreh,720838894
Yzaatreh,243216022
Yzaatreh,1702882050
Yzaatreh,1132592270
Lina18,84549020
Lina18,458608351
Lina18,1003803530
abuhilalah,1324877911
abuhilalah,66732844
abuhilalah,126905804
abuhilalah,281447804
abuhilalah,1373726774
AliBinAlHussein,2411665261
AliBinAlHussein,47391480
AliBinAlHussein,1251660564
AliBinAlHussein,2371808878
AliBinAlHussein,217166986
AliBinAlHussein,1280306976
NasserJudeh,89172551
NasserJudeh,365870285
NasserJudeh,106661775
NasserJudeh,267334025
NasserJudeh,201671388
NasserJudeh,17228155
NasserJudeh,2242659463
majliselhassan,451381097
majliselhassan,2178014853
drmnouh,914524255
drmnouh,2212661357
drmnouh,429174047
drmnouh,2394627345
drmnouh,473374983
drmnouh,421447219
drmnouh,570112664
drmnouh,2303293537
shubeilat,93442771
shubeilat,985202282
